year,income
2011,33832.508417413104
2012,34660.97349263588
2015,37146.36871830397
2020,41288.69409441762
2022,42945.624244862935
